time,latitude,longitude,depth,mag,magType,nst,gap,dmin,rms,net,id,updated,place,type,horizontalError,depthError,magError,magNst,status,locationSource,magSource
2021-04-13T08:08:52.630Z,17.9583,-66.827,10,2.51,md,20,185,0.2175,0.08,pr,pr2021103002,2021-04-13T08:37:58.953Z,"4 km SSW of Indios, Puerto Rico",earthquake,0.39,0.53,0.21,14,reviewed,pr,pr
2021-04-13T07:40:52.872Z,-7.4973,128.5177,160.6,4.5,mb,,61,2.798,1.16,us,us6000e15r,2021-04-13T08:47:14.040Z,"202 km NE of Lospalos, Timor Leste",earthquake,9.3,8.3,0.108,25,reviewed,us,us
2021-04-13T06:52:29.617Z,56.2138,-156.5669,35,2.6,ml,,,,0.74,ak,ak0214qg8jzr,2021-04-13T07:02:19.213Z,"114 km E of Chignik, Alaska",earthquake,,12.1,,,automatic,ak,ak
2021-04-13T06:08:33.073Z,58.5117,-153.6381,4.8,2.7,ml,,,,1.04,ak,ak0214qfz4uc,2021-04-13T06:19:54.269Z,"66 km NW of Aleneva, Alaska",earthquake,,0.4,,,automatic,ak,ak
2021-04-13T06:06:00.858Z,0.0807,-17.3932,10,5.1,mb,,41,8.515,0.84,us,us6000e159,2021-04-13T06:25:55.040Z,"north of Ascension Island",earthquake,9.3,1.9,0.041,188,reviewed,us,us
2021-04-13T05:42:49.940Z,36.5115,70.8717,180.85,4.5,mb,,42,2.467,1.08,us,us6000e156,2021-04-13T06:09:42.713Z,"39 km S of Jurm, Afghanistan",earthquake,7.5,7,0.06,82,reviewed,us,us
2021-04-13T04:41:23.350Z,18.8995,-66.6953,43,3.04,md,21,257,0.4538,0.2,pr,pr2021103000,2021-04-13T05:41:24.920Z,"47 km NNE of Carrizales, Puerto Rico",earthquake,0.89,2.24,0.08,15,reviewed,pr,pr
2021-04-13T04:28:06.768Z,36.1094,68.0208,32.54,4.3,mb,,100,1.774,0.62,us,us6000e14s,2021-04-13T05:00:46.040Z,"17 km S of Aībak, Afghanistan",earthquake,5.6,6.1,0.129,17,reviewed,us,us
2021-04-13T02:20:07.039Z,-37.2053,176.6406,268.24,4.3,mb,,101,1.047,0.46,us,us6000e14f,2021-04-13T04:28:20.040Z,"North Island of New Zealand",earthquake,10.2,8.1,0.187,8,reviewed,us,us
2021-04-13T01:25:47.652Z,56.744,-156.3745,71.7,2.7,ml,,,,0.41,ak,ak0214qd3n1m,2021-04-13T04:23:38.040Z,"105 km SE of Ugashik, Alaska",earthquake,,1,,,automatic,ak,ak
2021-04-12T22:44:32.856Z,-22.7448,172.1413,10,5.2,mww,,75,5.276,1.11,us,us6000e13e,2021-04-12T23:01:10.040Z,"southeast of the Loyalty Islands",earthquake,9.1,1.8,0.098,10,reviewed,us,us
2021-04-12T22:19:24.270Z,18.6713,-67.5841,4,3.61,md,25,185,0.3054,0.54,pr,pr2021102007,2021-04-12T22:48:14.602Z,"50 km NW of Rincón, Puerto Rico",earthquake,1.23,1.39,0.08,24,reviewed,pr,pr
2021-04-12T22:05:43.280Z,36.29733333,-98.17833333,7.92,2.62,ml,100,27,0,0.19,ok,ok2021hefo,2021-04-12T22:29:49.885Z,"5 km N of Ames, Oklahoma",earthquake,,0.3,0.24,42,reviewed,ok,ok
2021-04-12T19:31:38.190Z,57.9369,-155.5992,107.7,2.6,ml,,,,0.78,ak,ak0214p0bd1h,2021-04-12T20:02:21.040Z,"79 km WNW of Karluk, Alaska",earthquake,,0.5,,,automatic,ak,ak
2021-04-12T17:59:58.564Z,31.67503677,-104.3900617,7.494091797,2.7,ml,27,56,0.09459944122,0.3,tx,tx2021hdxl,2021-04-12T19:37:05.356Z,"55 km S of Whites City, New Mexico",earthquake,1.091982576,1.463561667,0.1,15,reviewed,tx,tx
2021-04-12T16:41:31.795Z,44.2606,-115.1902,10,2.5,ml,,68,0.165,1.21,us,us6000e110,2021-04-12T18:22:31.040Z,"20 km WNW of Stanley, Idaho",earthquake,1.7,2,0.065,36,reviewed,us,us
2021-04-12T14:01:47.934Z,29.3264,129.4801,10,5.1,mww,,101,2.332,0.54,us,us6000e0zk,2021-04-12T16:24:29.395Z,"106 km N of Naze, Japan",earthquake,3.1,1.8,0.075,17,reviewed,us,us
2021-04-12T11:38:02.479Z,56.9027,-154.9882,13.8,3.5,ml,,,,0.72,ak,ak0214ovlbed,2021-04-12T17:17:40.273Z,"50 km W of Akhiok, Alaska",earthquake,,0.5,,,reviewed,ak,ak
2021-04-12T09:02:16.920Z,17.8108,-68.0856,40,3.35,md,10,229,0.7628,0.21,pr,pr2021102004,2021-04-12T09:35:08.837Z,"83 km SE of Boca de Yuma, Dominican Republic",earthquake,1.42,4.65,0.1,6,reviewed,pr,pr
2021-04-12T06:20:22.175Z,31.73239965,-104.5931127,5.643115234,3.1,ml,34,83,0.07011539623,0.3,tx,tx2021hdaj,2021-04-12T15:39:54.213Z,"53 km SSW of Whites City, New Mexico",earthquake,2.901841367,1.501828388,0.2,19,reviewed,tx,tx
2021-04-12T05:26:13.097Z,-30.5568,-177.8608,10,5.1,mww,,69,1.308,0.66,us,us6000e0yi,2021-04-12T05:51:49.040Z,"Kermadec Islands, New Zealand",earthquake,9.1,1.8,0.098,10,reviewed,us,us
2021-04-12T05:25:36.290Z,18.9556,-64.7616,31,3.58,md,17,334,1.3579,0.45,pr,pr2021102003,2021-04-12T07:24:25.593Z,"69 km N of Cruz Bay, U.S. Virgin Islands",earthquake,3.85,28.32,0.05,13,reviewed,pr,pr
2021-04-12T04:57:13.750Z,19.2575,-67.3651,24,3.46,md,23,300,0.8298,0.36,pr,pr2021102002,2021-04-12T06:06:17.720Z,"89 km NNW of San Antonio, Puerto Rico",earthquake,1.26,23.76,0.11,20,reviewed,pr,pr
2021-04-12T04:03:12.370Z,44.3653333,-115.2061667,12.08,2.52,ml,12,75,0.231,0.18,mb,mb80496069,2021-04-12T15:50:14.740Z,"26 km NW of Stanley, Idaho",earthquake,0.38,0.72,0.169,16,reviewed,mb,mb
2021-04-12T03:44:23.783Z,33.8388,15.9274,10,4.2,mb,,144,3.609,0.96,us,us6000e0xs,2021-04-12T04:32:19.040Z,"180 km NNE of Mişrātah, Libya",earthquake,5.6,2,0.112,22,reviewed,us,us
2021-04-12T03:08:35.162Z,22.6632,142.9556,152.46,5.2,mww,,49,4.468,0.96,us,us6000e0xp,2021-04-12T03:28:10.040Z,"Volcano Islands, Japan region",earthquake,9.3,6,0.098,10,reviewed,us,us
2021-04-12T02:26:26.226Z,2.7817,128.6072,229.69,5.2,mb,,81,2.35,0.83,us,us6000e0xi,2021-04-12T02:43:01.040Z,"Halmahera, Indonesia",earthquake,8.6,7,0.045,166,reviewed,us,us
2021-04-12T02:12:26.430Z,18.0203,-66.8171,15,2.5,md,23,151,0.2121,0.19,pr,pr2021102001,2021-04-12T02:37:15.106Z,"2 km W of Guayanilla, Puerto Rico",earthquake,0.39,0.54,0.28,19,reviewed,pr,pr
2021-04-12T01:52:25.983Z,-5.2913,104.8347,105.65,4.9,mb,,30,2.088,1.2,us,us6000e0xf,2021-04-12T02:28:58.040Z,"49 km WNW of Bandar Lampung, Indonesia",earthquake,7.5,4.8,0.065,76,reviewed,us,us
2021-04-12T00:30:44.250Z,17.9371,-66.9711,12,2.68,md,16,222,0.0799,0.13,pr,pr2021102000,2021-04-12T00:50:10.324Z,"7 km WSW of Guánica, Puerto Rico",earthquake,0.46,0.32,0.17,8,reviewed,pr,pr
2021-04-11T23:14:01.743Z,-17.9806,-178.343,614.85,4.4,mb,,121,3.44,0.83,us,us6000e0wz,2021-04-13T03:04:36.040Z,"Fiji region",earthquake,13.1,8.8,0.034,254,reviewed,us,us
2021-04-11T22:57:31.630Z,38.8235016,-122.8101654,1.59,2.5,md,44,34,0.0001282,0.06,nc,nc73548300,2021-04-12T22:23:07.518Z,"7km NW of The Geysers, CA",earthquake,0.15,0.23,0.19,24,automatic,nc,nc
2021-04-11T22:03:29.160Z,38.8276672,-122.8133316,1.87,2.65,md,46,41,0.004967,0.07,nc,nc73548225,2021-04-11T23:39:19.741Z,"8km NW of The Geysers, CA",earthquake,0.15,0.26,0.11,28,automatic,nc,nc
2021-04-11T21:40:36.894Z,-15.9357,-72.4977,113.4,4.3,mb,,129,3.179,0.71,us,us6000e0wl,2021-04-12T21:24:42.040Z,"16 km ESE of Iray, Peru",earthquake,10.5,7.1,0.201,7,reviewed,us,us
2021-04-11T18:58:02.199Z,17.9004,147.284,47.87,5.2,mww,,163,3.013,0.56,us,us6000e0vk,2021-04-12T19:08:08.383Z,"Mariana Islands region",earthquake,13.1,9,0.098,10,reviewed,us,us
2021-04-11T18:19:16.027Z,14.9604,-92.554,95.16,4.5,mb,,149,0.937,0.86,us,us6000e0vj,2021-04-11T19:41:22.040Z,"4 km WNW of Aquiles Serdán, Mexico",earthquake,6.8,8.6,0.083,42,reviewed,us,us
2021-04-11T18:12:33.274Z,14.7528,-93.7394,44.74,4.4,mb,,170,1.991,1.14,us,us6000e0vb,2021-04-11T19:30:00.040Z,"98 km SW of La Esperanza (El Zapotal), Mexico",earthquake,6,11.4,0.074,52,reviewed,us,us
2021-04-11T18:08:48.494Z,18.0171,146.9872,45.34,4.7,mb,,75,2.995,0.84,us,us6000e0vg,2021-04-11T19:22:22.040Z,"Pagan region, Northern Mariana Islands",earthquake,11.1,7.9,0.079,49,reviewed,us,us
2021-04-11T17:54:37.792Z,17.9871,146.9584,49.77,4.7,mb,,139,2.957,0.65,us,us6000e0v7,2021-04-11T19:04:32.040Z,"Alamagan region, Northern Mariana Islands",earthquake,11.6,8.4,0.065,72,reviewed,us,us
2021-04-11T16:41:41.834Z,24.7259,122.4441,8.38,4.3,mb,,90,0.577,0.45,us,us6000e0uw,2021-04-11T19:04:52.040Z,"63 km WNW of Yonakuni, Japan",earthquake,2.6,5.5,0.168,10,reviewed,us,us
2021-04-11T16:20:12.195Z,18.7337,-102.9135,76.49,4.7,mb,,218,1.834,0.51,us,us6000e0ul,2021-04-12T15:44:35.552Z,"13 km W of Aguililla, Mexico",earthquake,9.2,8.5,0.031,310,reviewed,us,us
2021-04-11T15:52:23.733Z,-21.1977,-68.0206,176.74,4.5,mb,,68,1.283,0.51,us,us6000e0ue,2021-04-11T17:28:16.365Z,"148 km WSW of Uyuni, Bolivia",earthquake,6.6,6.9,0.072,56,reviewed,us,us
2021-04-11T14:52:32.005Z,-24.864,-68.1248,108.99,4.6,mb,,111,1.904,0.41,us,us6000e0u7,2021-04-11T16:07:17.748Z,"150 km NNW of Antofagasta de la Sierra, Argentina",earthquake,7,10.3,0.151,13,reviewed,us,us
2021-04-11T14:42:04.824Z,-31.6625,-69.6973,116.5,4.9,mb,,76,0.872,0.51,us,us6000e0u1,2021-04-11T16:32:16.750Z,"44 km SW of Calingasta, Argentina",earthquake,5.7,5.2,0.034,274,reviewed,us,us
2021-04-11T14:40:09.020Z,-29.8339,-176.9614,10,5,mb,,137,1.027,0.66,us,us6000e0ub,2021-04-11T15:24:44.040Z,"Kermadec Islands region",earthquake,9.5,1.8,0.103,30,reviewed,us,us
2021-04-11T14:06:37.868Z,40.8454,34.7273,10.46,4,mb,,61,0.793,0.76,us,us6000e0tu,2021-04-11T16:25:19.040Z,"15 km WNW of Laçin, Turkey",earthquake,3.7,6.6,0.212,6,reviewed,us,us
2021-04-11T13:48:53.854Z,52.3342,158.4864,81.68,4.6,mb,,129,0.697,0.32,us,us6000e0ts,2021-04-11T16:10:50.040Z,"66 km S of Vilyuchinsk, Russia",earthquake,5.5,6.3,0.035,249,reviewed,us,us
2021-04-11T12:26:04.570Z,17.9571,-66.8191,11,2.73,md,24,185,0.0627,0.14,pr,pr2021101005,2021-04-11T13:10:25.522Z,"4 km S of Indios, Puerto Rico",earthquake,0.43,0.49,0.16,20,reviewed,pr,pr
2021-04-11T12:14:21.589Z,29.3388,129.535,58.96,4.7,mb,,138,2.304,1.15,us,us6000e0t7,2021-04-11T12:31:14.040Z,"107 km N of Naze, Japan",earthquake,9.5,8.9,0.061,82,reviewed,us,us
2021-04-11T12:00:26.139Z,29.3324,129.3194,30.8,4.8,mb,,146,2.38,0.82,us,us6000e0tf,2021-04-11T12:39:05.040Z,"108 km N of Naze, Japan",earthquake,9.3,6.5,0.048,132,reviewed,us,us
2021-04-11T10:59:30.100Z,17.8543,-66.8703,6,2.53,md,17,231,0.2086,0.16,pr,pr2021101004,2021-04-11T12:49:21.883Z,"13 km SSE of Guánica, Puerto Rico",earthquake,0.6,0.35,0.24,14,reviewed,pr,pr
2021-04-11T10:44:47.358Z,-6.2323,104.6292,74.99,4.9,mb,,95,2.496,1.13,us,us6000e0su,2021-04-11T11:13:55.040Z,"113 km SW of Bandar Lampung, Indonesia",earthquake,9.3,8.2,0.081,48,reviewed,us,us
2021-04-11T10:01:24.041Z,29.877,129.3196,61.72,4.5,mb,,185,1.897,0.48,us,us6000e0sq,2021-04-11T11:42:59.040Z,"115 km WSW of Kurio, Japan",earthquake,8.4,8.2,0.064,73,reviewed,us,us
2021-04-11T09:45:36.990Z,35.7846667,-117.603,6.61,3.13,ml,44,54,0.03133,0.13,ci,ci39846664,2021-04-13T02:08:39.841Z,"18km W of Searles Valley, CA",earthquake,0.12,0.31,0.116,175,reviewed,ci,ci
2021-04-11T07:54:24.302Z,31.67754532,-104.3930449,6.080151367,2.6,ml,28,55,0.09227116476,0.3,tx,tx2021hbhy,2021-04-12T16:37:06.883Z,"55 km S of Whites City, New Mexico",earthquake,1.014210257,1.220069006,0.2,15,reviewed,tx,tx
2021-04-11T07:10:49.438Z,54.4011,-159.6568,23.18,4.4,mb,,155,0.432,0.82,us,us6000e0rv,2021-04-11T18:04:45.285Z,"117 km SSE of Sand Point, Alaska",earthquake,6.2,6.6,0.082,43,reviewed,us,us
2021-04-11T06:40:52.470Z,17.941,-66.9015,9,2.95,md,23,198,0.0407,0.12,pr,pr2021101001,2021-04-11T14:10:11.648Z,"Puerto Rico region",earthquake,0.48,0.44,0.25,19,reviewed,pr,pr
2021-04-11T06:24:22.167Z,24.2972,126.2915,10,4.8,mb,,117,2.995,0.88,us,us6000e0rm,2021-04-11T06:50:10.040Z,"114 km ESE of Hirara, Japan",earthquake,8.5,1.9,0.077,51,reviewed,us,us
2021-04-11T06:18:59.610Z,18.8908,-67.607,89,3.16,md,10,204,0.8848,0.38,pr,pr2021101002,2021-04-11T14:16:17.702Z,"69 km NW of San Antonio, Puerto Rico",earthquake,3.79,4.48,0.18,8,reviewed,pr,pr
2021-04-11T06:08:53.620Z,19.2185,-155.436333333333,33.27,3.13,md,57,126,,0.12,hv,hv72421267,2021-04-12T06:10:30.277Z,"4 km ENE of Pāhala, Hawaii",earthquake,0.42,0.53,0.0836353520216762,24,reviewed,hv,hv
2021-04-11T05:37:18.703Z,15.768,-93.9052,78.8,4,mb,,172,1.775,0.53,us,us6000e0rb,2021-04-11T06:29:22.040Z,"22 km SW of Cabeza de Toro, Mexico",earthquake,6.6,12.1,0.085,37,reviewed,us,us
2021-04-11T05:01:44.510Z,19.6946666666667,-156.640166666667,5.41,2.78,ml,55,195,,0.19,hv,hv72421197,2021-04-11T17:23:07.991Z,"67 km W of Kailua-Kona, Hawaii",earthquake,1.36,1.86,0.0990556646037666,10,reviewed,hv,hv
2021-04-11T04:21:02.898Z,-9.2593,-71.3912,558.32,4.1,mb,,76,1.999,0.64,us,us6000e0qs,2021-04-11T04:35:40.040Z,"139 km SSW of Tarauacá, Brazil",earthquake,11.4,7.8,0.048,119,reviewed,us,us
2021-04-11T03:58:53.830Z,60.0905,-150.2976,10,2.8,ml,,,,0.91,ak,ak0214n3ewfu,2021-04-11T04:23:55.709Z,"45 km NE of Fox River, Alaska",earthquake,,0.6,,,automatic,ak,ak
2021-04-11T03:42:00.899Z,28.357,-103.3707,10,3.2,ml,,146,1.007,0.66,us,us6000e0qk,2021-04-11T03:52:09.040Z,"53 km NE of Hércules, Mexico",earthquake,5.4,2,0.115,20,reviewed,us,us
2021-04-11T03:02:03.639Z,39.2916,-106.7555,3.44,2.8,ml,,81,1.018,0.56,us,us6000e0qc,2021-04-11T16:35:39.117Z,"9 km WSW of Norrie, Colorado",earthquake,3.4,2.1,0.04,81,reviewed,us,us
2021-04-11T01:42:26.345Z,10.9855,-86.4255,23.98,4.6,mb,,175,0.909,0.91,us,us6000e0q5,2021-04-11T01:59:53.040Z,"67 km WSW of San Juan del Sur, Nicaragua",earthquake,3.2,6,0.036,226,reviewed,us,us
2021-04-11T01:21:06.752Z,-5.7041,153.1678,20.61,4.9,mb,,102,1.805,0.52,us,us6000e0q7,2021-04-11T02:21:41.040Z,"180 km SSE of Kokopo, Papua New Guinea",earthquake,5.9,5.7,0.081,50,reviewed,us,us
2021-04-11T00:17:13.535Z,38.2397,20.6424,10,4.2,mb,,127,1.468,1.13,us,us6000e0pz,2021-04-11T00:32:11.040Z,"1 km SSW of Sámi, Greece",earthquake,4.8,1.9,0.152,12,reviewed,us,us
2021-04-11T00:04:22.400Z,19.2486666666667,-155.395166666667,31.16,2.96,md,56,111,,0.12,hv,hv72420872,2021-04-12T00:05:50.889Z,"10 km ENE of Pāhala, Hawaii",earthquake,0.43,0.53,0.0890770146545097,25,reviewed,hv,hv
2021-04-10T23:57:28.580Z,36.4985,-114.7163,12.9,2.5,ml,17,272.96,0.321,0.27,nn,nn00804805,2021-04-11T01:11:08.255Z,"23 km SSW of Moapa Town, Nevada",earthquake,,1.3,,,automatic,nn,nn
2021-04-10T23:54:58.991Z,-8.3533,112.4663,112.91,5.1,mb,,67,1.671,0.95,us,us6000e0pw,2021-04-11T02:22:23.514Z,"21 km S of Sumberpucung, Indonesia",earthquake,7.2,6.3,0.072,62,reviewed,us,us
2021-04-10T23:47:29.112Z,-24.1492,-67.0857,183.27,4.2,mb,,63,1.557,1.15,us,us6000e0pv,2021-04-11T00:41:55.040Z,"78 km W of San Antonio de los Cobres, Argentina",earthquake,4.8,8.8,0.159,11,reviewed,us,us
2021-04-10T23:00:21.990Z,29.1537,129.3913,10,4.7,mb,,107,2.511,0.86,us,us6000e0pp,2021-04-10T23:22:14.040Z,"87 km N of Naze, Japan",earthquake,5.2,1.9,0.088,39,reviewed,us,us
2021-04-10T22:53:59.225Z,38.3134,20.6879,10,4.5,mb,,49,1.471,1.25,us,us6000e0pl,2021-04-11T07:18:39.919Z,"6 km SSW of Itháki, Greece",earthquake,5.7,1.9,0.087,39,reviewed,us,us
2021-04-10T21:49:37.905Z,28.254,67.3383,10,4.2,mb,,179,6.434,0.74,us,us6000e0pc,2021-04-10T22:06:01.040Z,"62 km WNW of Chowki Jamali, Pakistan",earthquake,10.6,2,0.121,19,reviewed,us,us
2021-04-10T21:35:29.481Z,66.3504,-157.4071,9.4,3.5,ml,,,,0.74,ak,ak0214lqgdcb,2021-04-10T21:53:33.927Z,"61 km S of Shungnak, Alaska",earthquake,,0.7,,,automatic,ak,ak
2021-04-10T20:40:44.968Z,29.8697,129.3107,25.7,4.8,mb,,127,1.907,0.78,us,us6000e0p5,2021-04-10T21:41:11.040Z,"116 km WSW of Kurio, Japan",earthquake,9.9,4.2,0.065,72,reviewed,us,us
2021-04-10T20:20:38.465Z,29.3136,129.402,10,4.8,mb,,90,2.369,0.87,us,us6000e0p1,2021-04-10T20:45:06.040Z,"Ryukyu Islands, Japan",earthquake,6.7,1.8,0.074,59,reviewed,us,us
2021-04-10T20:01:16.950Z,45.7878,149.6523,114.92,4.7,mb,,134,4.911,0.8,us,us6000e0nx,2021-04-10T20:37:22.040Z,"152 km ENE of Kuril’sk, Russia",earthquake,7.3,5.3,0.032,302,reviewed,us,us
2021-04-10T19:08:08.800Z,35.7253333,-121.6328333,16.93,2.55,md,67,218,0.276,0.19,nc,nc73547705,2021-04-11T22:50:58.473Z,"33km S of Lopez Point, CA",earthquake,0.58,0.37,0.164,56,reviewed,nc,nc
2021-04-10T18:21:48.497Z,31.7208,90.6714,10,4.7,mb,,35,5.029,0.41,us,us6000e0nr,2021-04-10T18:59:43.040Z,"134 km WNW of Nagqu, China",earthquake,9.7,1.9,0.07,68,reviewed,us,us
2021-04-10T18:18:14.312Z,29.2942,129.506,10,4.7,mb,,111,2.354,0.69,us,us6000e0nq,2021-04-10T18:50:43.040Z,"102 km N of Naze, Japan",earthquake,6.8,1.9,0.112,25,reviewed,us,us
2021-04-10T17:51:32.484Z,-31.4518,-179.8442,346.02,4.9,mb,,69,2.752,0.68,us,us6000e0nn,2021-04-10T18:39:26.040Z,"Kermadec Islands region",earthquake,11.1,5.4,0.057,100,reviewed,us,us
2021-04-10T17:08:29.154Z,44.2435,-115.0508,5.32,2.6,ml,,36,0.067,0.84,us,us6000e0na,2021-04-11T14:16:13.610Z,"9 km WNW of Stanley, Idaho",earthquake,2.3,7.2,0.04,82,reviewed,us,us
2021-04-10T16:33:53.354Z,-39.4088,-73.1876,42.23,4.7,mb,,166,0.505,0.83,us,us6000e0n4,2021-04-10T17:01:28.195Z,"44 km N of Las Animas, Chile",earthquake,6.5,8.9,0.208,7,reviewed,us,us
2021-04-10T16:07:38.977Z,29.18243408,-97.60098805,2.763387044,2.7,ml,23,55,0.03548736047,0.2,tx,tx2021hacs,2021-04-12T16:42:31.509Z,"10 km SSE of Smiley, Texas",earthquake,1.152988891,1.508276252,0.2,15,reviewed,tx,tx
2021-04-10T16:00:20.867Z,-7.1786,122.3499,545.38,4.8,mb,,54,1.452,0.91,us,us6000e0mw,2021-04-10T16:38:06.040Z,"160 km N of Maumere, Indonesia",earthquake,13.3,10.3,0.175,10,reviewed,us,us
2021-04-10T15:21:42.353Z,60.5517,-151.669,64.7,2.6,ml,,,,0.7,ak,ak0214lmsssg,2021-04-10T16:33:04.040Z,"20 km WSW of Salamatof, Alaska",earthquake,,0.6,,,automatic,ak,ak
2021-04-10T14:40:19.663Z,-37.5771,-179.7337,10,4.9,mb,,239,1.557,0.6,us,us6000e0mg,2021-04-10T15:15:16.040Z,"231 km ENE of Gisborne, New Zealand",earthquake,9.7,2,0.14,17,reviewed,us,us
2021-04-10T14:13:21.940Z,38.5226667,-122.5848333,9.14,3.26,ml,113,46,0.09054,0.16,nc,nc73547645,2021-04-13T05:22:08.314Z,"6km S of Calistoga, CA",earthquake,0.16,0.33,0.228,80,reviewed,nc,nc
2021-04-10T13:22:06.120Z,32.7705,-115.4393333,15.63,3.44,ml,80,34,0.03529,0.32,ci,ci39845832,2021-04-11T13:25:09.147Z,"7km SW of Holtville, CA",earthquake,0.24,0.41,0.114,191,reviewed,ci,ci
2021-04-10T13:10:42.207Z,29.4295,129.3938,33.9,4.9,mb,,106,2.265,0.92,us,us6000e0lw,2021-04-10T13:36:44.040Z,"118 km N of Naze, Japan",earthquake,8.2,5.9,0.075,55,reviewed,us,us
2021-04-10T12:45:44.644Z,60.0169,-149.1254,0,2.8,ml,,,,0.89,ak,ak0214ll5nbc,2021-04-10T12:58:43.812Z,"18 km ESE of Lowell Point, Alaska",earthquake,,0.6,,,automatic,ak,ak
2021-04-10T11:50:14.080Z,37.582,-121.6751667,3.95,2.93,md,116,62,0.07632,0.1,nc,nc73547590,2021-04-12T00:41:50.971Z,"14km SE of Livermore, CA",earthquake,0.09,0.32,0.143,147,reviewed,nc,nc
2021-04-10T11:38:32.429Z,-3.4527,145.7212,10,6,mww,,44,2.158,1.11,us,us6000e0lk,2021-04-12T12:01:19.271Z,"195 km N of Madang, Papua New Guinea",earthquake,4.6,1.8,0.052,35,reviewed,us,us
2021-04-10T11:20:12.350Z,17.9676,-66.8668,14,2.76,md,23,185,0.0145,0.12,pr,pr2021100003,2021-04-10T11:41:08.936Z,"2 km ESE of Maria Antonia, Puerto Rico",earthquake,0.37,0.4,0.14,18,reviewed,pr,pr
2021-04-10T10:58:29.132Z,-41.4891,174.5348,27.88,3.7,ml,,113,0.22,0.86,us,us6000e0l6,2021-04-12T02:24:56.528Z,"27 km SW of Brooklyn, New Zealand",earthquake,3.1,11.4,0.079,21,reviewed,us,us
2021-04-10T10:18:24.913Z,59.2536,-138.0012,0,2.7,ml,,,,0.59,ak,ak0214ljsy8c,2021-04-10T10:23:00.016Z,"103 km ESE of Yakutat, Alaska",earthquake,,0.3,,,automatic,ak,ak
2021-04-10T10:00:02.240Z,19.0616,-64.8425,34,3.46,md,12,338,1.3632,0.47,pr,pr2021100002,2021-04-10T11:22:41.914Z,"80 km N of Charlotte Amalie, U.S. Virgin Islands",earthquake,4.65,29.14,0.05,7,reviewed,pr,pr
2021-04-10T09:30:44.075Z,4.1069,124.6681,311.31,6.1,mww,,21,3.079,1.26,us,us6000e0k5,2021-04-12T10:00:54.592Z,"168 km SSW of Sarangani, Philippines",earthquake,7.3,5.1,0.041,57,reviewed,us,us
2021-04-10T09:06:56.920Z,-17.4948,167.9636,12.35,4.5,mb,,195,2.162,0.37,us,us6000e0k6,2021-04-10T10:00:05.040Z,"45 km NW of Port-Vila, Vanuatu",earthquake,11.5,4.6,0.135,16,reviewed,us,us
2021-04-10T08:56:51.830Z,44.1253333,-115.089,9.34,2.7,ml,11,80,0.118,0.24,mb,mb80495694,2021-04-10T13:18:55.190Z,"15 km SW of Stanley, Idaho",earthquake,0.53,0.86,0.17,13,reviewed,mb,mb
2021-04-10T07:52:48.041Z,-37.9514,-73.7304,20.43,5.3,mww,,153,1.94,0.66,us,us6000e0jq,2021-04-11T00:03:04.798Z,"33 km WSW of Cañete, Chile",earthquake,6.7,5.2,,,reviewed,us,guc
2021-04-10T07:38:15.790Z,47.4601666666667,-121.596833333333,11.41,2.8,ml,19,176,0.1157,0.24,uw,uw61723491,2021-04-13T04:13:15.187Z,"11 km E of Tanner, Washington",earthquake,0.71,1.15,0.252540622901168,12,reviewed,uw,uw
2021-04-10T07:36:28.962Z,29.2657,129.5592,35,5.2,mww,,105,2.365,0.6,us,us6000e0ji,2021-04-10T07:56:14.040Z,"99 km N of Naze, Japan",earthquake,6.3,2,0.098,10,reviewed,us,us
2021-04-10T07:34:14.720Z,48.8918333333333,-125.226166666667,37.22,3.28,ml,4,146,0.08327,0.06,uw,uw61723486,2021-04-10T19:55:00.622Z,"24 km ESE of Ucluelet, Canada",earthquake,0.68,0.88,0.12770686641003,5,reviewed,uw,uw
2021-04-10T07:31:03.390Z,-37.919,-73.6948,35,4.4,mb,,152,1.969,0.94,us,us6000e0jc,2021-04-10T09:59:16.040Z,"29 km WSW of Cañete, Chile",earthquake,6.5,2,0.127,18,reviewed,us,us
2021-04-10T07:14:02.051Z,-62.4009,-58.3064,10,5.5,mww,,90,0.233,0.52,us,us6000e0j2,2021-04-11T07:18:26.543Z,"South Shetland Islands",earthquake,3.5,1.8,0.089,12,reviewed,us,us
2021-04-10T07:00:17.391Z,-8.5622,112.519,82.28,6,mww,,26,1.617,1.15,us,us6000e0iy,2021-04-12T10:34:57.247Z,"44 km SSW of Gongdanglegi Kulon, Indonesia",earthquake,6.9,5.5,0.078,16,reviewed,us,us
2021-04-10T06:52:12.885Z,29.1508,129.8647,35,5.1,mww,,112,2.405,1.16,us,us6000e0iv,2021-04-11T01:26:31.040Z,"94 km NNE of Naze, Japan",earthquake,4,2,0.083,14,reviewed,us,us
2021-04-10T05:49:06.466Z,29.18060303,-97.60512408,4.573038737,3.4,ml,31,54,0.03164304691,0.3,tx,tx2021gzii,2021-04-12T15:27:30.237Z,"10 km SSE of Smiley, Texas",earthquake,1.141008282,1.627760706,0.2,18,reviewed,tx,tx
2021-04-10T04:47:20.135Z,22.6564,121.4369,10,4.4,mb,,132,0.366,0.78,us,us6000e0ik,2021-04-10T05:07:38.040Z,"101 km NE of Hengchun, Taiwan",earthquake,2.3,1.9,0.203,7,reviewed,us,us
2021-04-10T04:15:55.071Z,-20.0574,169.1992,60.96,5.1,mww,,80,3.402,0.81,us,us6000e0ih,2021-04-11T01:17:27.040Z,"57 km S of Isangel, Vanuatu",earthquake,9.1,5.8,0.098,10,reviewed,us,us
2021-04-10T03:57:58.440Z,34.1475,-116.4451667,5.88,3,ml,98,31,0.059,0.15,ci,ci39845512,2021-04-12T22:31:59.278Z,"4km NNW of Yucca Valley, CA",earthquake,0.09,0.4,0.144,201,reviewed,ci,ci
2021-04-10T02:21:28.251Z,32.11761475,-102.1578458,6.529418944999999,2.6,ml,33,45,0.01432063531,0.2,tx,tx2021gzbm,2021-04-12T16:35:22.069Z,"15 km NNW of Midland, Texas",earthquake,0.6314240272000001,0.5137197491999999,0.1,12,reviewed,tx,tx
2021-04-10T01:54:56.447Z,29.3445,129.3067,10,4.4,mb,,107,2.373,0.72,us,us6000e0i1,2021-04-10T02:16:12.040Z,"109 km N of Naze, Japan",earthquake,8.1,1.9,0.095,32,reviewed,us,us
2021-04-10T01:32:18.329Z,-23.5368,171.7906,10,4.6,mb,,128,5.069,1.27,us,us6000e0hy,2021-04-10T01:53:00.040Z,"southeast of the Loyalty Islands",earthquake,7.4,1.9,0.146,14,reviewed,us,us
2021-04-10T01:03:36.170Z,18.0141,-66.7906,15,2.59,md,20,153,0.1866,0.11,pr,pr2021100000,2021-04-10T01:41:58.397Z,"0 km SSE of Guayanilla, Puerto Rico",earthquake,0.29,0.36,0.23,9,reviewed,pr,pr
2021-04-09T22:07:30.660Z,29.2886,129.4062,12.62,5.3,mww,,38,2.39,0.64,us,us6000e0h9,2021-04-12T03:42:43.694Z,"102 km N of Naze, Japan",earthquake,5.8,2.7,0.061,26,reviewed,us,us
2021-04-09T21:26:33.356Z,31.66691464,-104.3663048,7.596923828000001,2.5,ml,18,60,0.1146495017,0.3,tx,tx2021gyrt,2021-04-12T16:26:57.220Z,"56 km S of Whites City, New Mexico",earthquake,1.187789492,1.351886306,0.2,7,reviewed,tx,tx
2021-04-09T19:55:43.392Z,31.62446095,-104.5251985,7.905419922,2.5,ml,17,76,0.04887656682,0.3,tx,tx2021gyot,2021-04-12T16:18:19.577Z,"62 km SSW of Whites City, New Mexico",earthquake,2.059260123,1.244663917,0.2,9,reviewed,tx,tx
2021-04-09T19:05:04.490Z,19.4375,-155.344833374023,3.91000008583069,2.68,ml,28,57,,0.289999992,hv,hv72419062,2021-04-09T19:10:38.420Z,"11 km W of Volcano, Hawaii",earthquake,0.55,1.37,3.27,28,automatic,hv,hv
2021-04-09T19:05:03.990Z,19.4171666666667,-155.323833333333,5.37,2.75,ml,35,108,,0.1,hv,hv72419057,2021-04-09T22:27:51.040Z,"9 km WSW of Volcano, Hawaii",earthquake,0.29,0.43,0.155319351803537,28,reviewed,hv,hv
2021-04-09T18:36:46.625Z,45.8465,26.6704,71.21,4.4,mb,,56,0.62,1.1,us,us6000e0fl,2021-04-12T19:05:39.756Z,"4 km W of Vrâncioaia, Romania",earthquake,5.8,8,0.123,20,reviewed,us,us
2021-04-09T18:06:49.549Z,65.8964,-151.7979,6.5,2.5,ml,,,,1.04,ak,ak0214k0yjlk,2021-04-09T22:24:09.040Z,"81 km SSE of New Allakaket, Alaska",earthquake,,0.8,,,automatic,ak,ak
2021-04-09T17:55:04.708Z,2.3655,128.503,230.37,4.5,mb,,105,1.948,0.7,us,us6000e0fa,2021-04-09T22:14:04.040Z,"89 km NE of Tobelo, Indonesia",earthquake,10,7.6,0.074,61,reviewed,us,us
2021-04-09T15:21:03.480Z,18.0068,-66.7541,11,2.92,md,21,154,0.1522,0.2,pr,pr2021099007,2021-04-09T15:55:32.465Z,"1 km SE of Magas Arriba, Puerto Rico",earthquake,0.41,0.34,0.21,19,reviewed,pr,pr
2021-04-09T14:49:16.252Z,36.2569,-106.7881,5.41,3.3,ml,,137,1.335,0.26,us,us6000e0dj,2021-04-09T14:59:10.040Z,"3 km NNE of Capulin, New Mexico",earthquake,3.1,1.8,0.038,89,reviewed,us,us
2021-04-09T12:51:28.627Z,-23.3907,171.7938,10,5,mww,,86,5.042,0.46,us,us6000e0c9,2021-04-09T13:24:14.040Z,"southeast of the Loyalty Islands",earthquake,8.6,1.8,0.098,10,reviewed,us,us
2021-04-09T12:34:29.450Z,44.33,-115.0495,5.99,2.67,ml,14,58,0.134,0.19,mb,mb80495549,2021-04-10T04:20:30.484Z,"15 km NW of Stanley, Idaho",earthquake,0.38,1.03,0.312,20,reviewed,mb,mb
2021-04-09T12:08:16.930Z,18.1701,-67.3131,21,2.46,md,21,196,0.1747,0.17,pr,pr2021099005,2021-04-09T12:29:51.697Z,"16 km NW of Puerto Real, Puerto Rico",earthquake,0.73,1.31,0.35,11,reviewed,pr,pr
2021-04-09T12:00:41.431Z,-18.0387,-178.2827,591.05,4.2,mb,,99,3.501,0.87,us,us6000e0ak,2021-04-09T12:20:38.040Z,"254 km E of Levuka, Fiji",earthquake,13.2,7.3,0.061,74,reviewed,us,us
2021-04-09T11:54:33.799Z,65.9349,-157.6335,0,2.5,ml,,,,0.79,ak,ak0214jx2rvj,2021-04-09T12:08:14.679Z,"62 km WNW of Huslia, Alaska",earthquake,,0.7,,,automatic,ak,ak
2021-04-09T11:24:29.587Z,-17.6528,-178.68,528.52,5.2,mww,,76,3.115,0.91,us,us6000e0ae,2021-04-09T11:43:26.040Z,"217 km ENE of Levuka, Fiji",earthquake,11.2,7.5,0.098,10,reviewed,us,us
2021-04-09T08:54:08.269Z,40.0154,141.5241,70.17,4.3,mb,,184,0.849,0.69,us,us6000e08k,2021-04-09T16:28:25.668Z,"30 km SE of Ichinohe, Japan",earthquake,8.6,9.2,0.153,12,reviewed,us,us
2021-04-09T08:08:59.097Z,3.0678,96.3967,52.44,4.3,mb,,172,2.111,0.44,us,us6000e08g,2021-04-09T08:23:03.040Z,"64 km N of Sinabang, Indonesia",earthquake,8,10.5,0.143,14,reviewed,us,us
2021-04-09T06:56:15.228Z,69.1206,-144.7083,0,2.8,ml,,,,0.87,ak,ak0214ju3zuc,2021-04-09T07:09:41.976Z,"115 km NNE of Arctic Village, Alaska",earthquake,,0.7,,,automatic,ak,ak
2021-04-09T06:53:19.119Z,-29.682,-69.7305,114.32,4.3,mwr,,66,0.431,0.76,us,us6000e080,2021-04-09T13:33:26.334Z,"102 km ENE of Vicuña, Chile",earthquake,6.8,7.1,0.086,13,reviewed,us,us
2021-04-09T06:48:21.222Z,31.68407166,-104.3026549,6.851391602,2.5,ml,27,52,0.09018729934,0.3,tx,tx2021gxot,2021-04-09T15:10:09.615Z,"54 km S of Whites City, New Mexico",earthquake,0.9789109661,1.236067739,0.2,11,reviewed,tx,tx
2021-04-09T05:28:29.170Z,18.3088,-68.3148,117,3.37,md,21,152,0.2156,0.09,pr,pr2021099003,2021-04-09T06:50:29.040Z,"31 km SSE of Punta Cana, Dominican Republic",earthquake,1.1,0.56,0.19,13,reviewed,pr,pr
2021-04-09T05:19:50.527Z,41.3251,-116.1724,12,3.4,ml,8,168.34,0.344,0.1706,nn,nn00804674,2021-04-09T15:43:20.549Z,"61 km NW of Osino, Nevada",earthquake,,1.7,0.08,7,reviewed,nn,nn
2021-04-09T04:40:12.504Z,58.7201,-153.6518,5.6,2.5,ml,,,,0.66,ak,ak0214jstoww,2021-04-09T05:10:57.775Z,"85 km NNW of Aleneva, Alaska",earthquake,,0.2,,,automatic,ak,ak
2021-04-09T03:57:58.930Z,32.7803333,-115.4328333,11.58,2.75,ml,35,47,0.02755,0.25,ci,ci39844272,2021-04-10T03:25:26.064Z,"6km SW of Holtville, CA",earthquake,0.27,0.43,0.15,44,reviewed,ci,ci
2021-04-09T03:57:13.020Z,32.7825,-115.4381667,12.58,2.87,ml,40,49,0.02389,0.24,ci,ci39844264,2021-04-09T15:16:26.390Z,"6km WSW of Holtville, CA",earthquake,0.26,0.5,0.301,20,reviewed,ci,ci
2021-04-09T03:31:46.760Z,32.776,-115.4355,13.84,2.84,ml,36,37,0.03075,0.25,ci,ci39844232,2021-04-09T15:16:40.626Z,"6km SW of Holtville, CA",earthquake,0.3,0.45,0.261,20,reviewed,ci,ci
2021-04-09T03:29:31.298Z,58.675,-153.3582,4,2.6,ml,,,,1.03,ak,ak0214js5y17,2021-04-09T03:35:16.892Z,"73 km NNW of Aleneva, Alaska",earthquake,,0.4,,,automatic,ak,ak
2021-04-09T03:23:15.044Z,58.7115,-153.5527,0,2.6,ml,,,,0.86,ak,ak0214js4m6w,2021-04-09T03:36:57.242Z,"81 km NNW of Aleneva, Alaska",earthquake,,0.2,,,automatic,ak,ak
2021-04-09T02:40:18.706Z,62.4119,-148.283,19.3,2.7,ml,,,,0.59,ak,ak0214jrmu9a,2021-04-09T02:53:21.495Z,"69 km N of Chickaloon, Alaska",earthquake,,1.4,,,automatic,ak,ak
2021-04-09T02:07:01.240Z,40.2946667,-124.5795,12.54,2.9,md,34,229,0.1813,0.17,nc,nc73547020,2021-04-10T06:32:04.688Z,"25km W of Petrolia, CA",earthquake,0.33,0.38,0.184,35,reviewed,nc,nc
2021-04-09T02:02:10.310Z,-33.8651,-70.2529,107.26,4.8,mb,,70,0.124,0.65,us,us6000e06p,2021-04-11T02:18:09.999Z,"41 km SE of Puente Alto, Chile",earthquake,4.7,4.4,0.036,240,reviewed,us,us
2021-04-09T01:39:41.599Z,9.9003,-84.0809,10.4,3.2,ml,,140,0.105,0.43,us,us6000e06q,2021-04-09T14:30:20.958Z,"2 km E of Alajuelita, Costa Rica",earthquake,1.5,3.4,0.105,12,reviewed,us,us
2021-04-09T00:39:31.190Z,40.2363333,-124.161,12.39,2.47,md,25,132,0.01618,0.13,nc,nc73546990,2021-04-12T03:30:41.040Z,"14km SE of Petrolia, CA",earthquake,0.26,0.29,0.126,41,reviewed,nc,nc
2021-04-09T00:33:47.080Z,33.9323333,-116.7873333,14.76,3.11,ml,145,17,0.01873,0.2,ci,ci39844112,2021-04-13T02:52:10.040Z,"2km N of Cabazon, CA",earthquake,0.11,0.22,0.14,271,reviewed,ci,ci
2021-04-08T22:12:10.800Z,18.3623,-68.5006,138,3.9,md,28,150,0.1928,0.28,pr,pr2021098006,2021-04-12T02:17:16.040Z,"11 km E of Boca de Yuma, Dominican Republic",earthquake,2.46,1.21,0.06,21,reviewed,pr,pr
2021-04-08T21:40:53.760Z,40.3815,-124.4776667,28.46,2.45,md,14,258,0.1389,0.1,nc,nc73546930,2021-04-12T00:08:59.040Z,"18km WNW of Petrolia, CA",earthquake,0.6,0.49,0.521,17,reviewed,nc,nc
2021-04-08T20:51:15.140Z,35.6538333,-117.5496667,8.34,3.62,ml,42,59,0.09151,0.14,ci,ci39843952,2021-04-10T08:28:31.103Z,"12km ENE of Ridgecrest, CA",earthquake,0.15,0.39,0.132,120,reviewed,ci,ci
2021-04-08T19:10:18.900Z,49.9791667,-114.971,-2,2.76,ml,7,302,2.133,0.31,mb,mb80495394,2021-04-08T21:03:06.420Z,"9 km SW of Elkford, Canada",quarry blast,6.85,31.61,0.039,2,reviewed,mb,mb
2021-04-08T18:33:40.719Z,35.14533333,-95.28966667,6.53,2.53,ml,52,130,0.1574690992,0.21,ok,ok2021gwqn,2021-04-08T20:43:37.040Z,"5 km WNW of Kinta, Oklahoma",earthquake,,0.5,0.17,12,reviewed,ok,ok
2021-04-08T17:43:31.491Z,29.17877197,-97.6071921,2.861206055,2.9,ml,24,54,0.02907048349,0.2,tx,tx2021gwoy,2021-04-08T20:58:33.040Z,"10 km SSE of Smiley, Texas",earthquake,1.067396902,1.322107295,0.2,14,reviewed,tx,tx
2021-04-08T17:40:41.702Z,3.7028,95.8001,67.37,4.4,mb,,141,1.898,0.79,us,us6000e03d,2021-04-08T20:30:09.040Z,"60 km SW of Meulaboh, Indonesia",earthquake,7.6,8.7,0.103,27,reviewed,us,us
2021-04-08T17:10:18.765Z,63.2075,-148.5817,77.7,5.5,mww,,,,0.73,ak,ak0214icukav,2021-04-12T17:20:28.670Z,"27 km SE of Cantwell, Alaska",earthquake,,0.5,,,reviewed,ak,ak
2021-04-08T16:47:39.214Z,57.7826,-156.4552,137.2,3,ml,,,,0.71,ak,ak0214ich3qo,2021-04-08T18:21:01.040Z,"63 km ENE of Ugashik, Alaska",earthquake,,0.4,,,automatic,ak,ak
2021-04-08T16:32:04.700Z,31.68730286,-104.3764417,6.799975586,3.2,ml,36,50,0.1076270466,0.3,tx,tx2021gwmn,2021-04-08T18:10:41.337Z,"54 km S of Whites City, New Mexico",earthquake,0.8643319246,1.175828426,0.2,21,reviewed,tx,tx
2021-04-08T16:20:30.480Z,36.7885,-117.433,0.83,2.58,ml,23,81,0.214,0.14,ci,ci39843544,2021-04-08T20:40:02.429Z,"33km NW of Stovepipe Wells, CA",earthquake,0.22,0.81,0.147,10,reviewed,ci,ci
2021-04-08T15:23:08.447Z,36.3178,27.1975,32.72,4.2,mb,,51,0.753,0.88,us,us6000e001,2021-04-08T17:02:18.040Z,"33 km S of Mandráki, Greece",earthquake,3.6,6.3,0.136,17,reviewed,us,us
2021-04-08T15:02:47.772Z,52.9219,-173.3903,211.95,4.2,mb,,122,0.873,0.78,us,us6000e005,2021-04-08T16:22:22.040Z,"97 km NE of Atka, Alaska",earthquake,9,7.6,0.056,94,reviewed,us,us
2021-04-08T14:23:00.320Z,19.3298333333333,-155.151166666667,1.08,2.97,ml,18,110,,0.1,hv,hv72417157,2021-04-08T18:19:09.450Z,"15 km S of Fern Forest, Hawaii",earthquake,0.37,0.45,0.167700022819798,34,reviewed,hv,hv
2021-04-08T14:17:52.886Z,60.6916,-150.5466,34.9,2.6,ml,,,,0.79,ak,ak0214ib3u3q,2021-04-08T17:39:02.408Z,"20 km NE of Sterling, Alaska",earthquake,,359.3,,,automatic,ak,ak
2021-04-08T14:15:20.065Z,60.1756,-153.3699,154.11,2.6,ml,,86,0.265,0.89,us,us6000dzzk,2021-04-08T18:08:50.499Z,"52 km E of Port Alsworth, Alaska",earthquake,4.9,7.6,0.045,66,reviewed,us,us
2021-04-08T14:07:41.377Z,38.165,-117.8388,9.2,2.5,ml,27,44.36,0.026,0.1212,nn,nn00804591,2021-04-08T16:04:14.151Z,"34 km SE of Mina, Nevada",earthquake,,0.6,0.19,13,reviewed,nn,nn
2021-04-08T12:19:49.486Z,-28.8295,-176.6333,10,4.6,mb,,81,11.045,0.88,us,us6000dzz4,2021-04-08T13:27:45.040Z,"Kermadec Islands region",earthquake,12.8,1.9,0.08,47,reviewed,us,us
2021-04-08T11:19:38.820Z,33.8243333,-116.9946667,12.41,2.79,ml,138,18,0.02761,0.21,ci,ci39843240,2021-04-09T17:30:24.885Z,"6km NW of San Jacinto, CA",earthquake,0.11,0.33,0.147,170,reviewed,ci,ci
2021-04-08T10:33:08.610Z,17.9066,-66.8898,11,2.75,md,18,209,0.1667,0.16,pr,pr2021098004,2021-04-08T12:53:59.460Z,"7 km SSE of Guánica, Puerto Rico",earthquake,0.7,0.59,0.19,8,reviewed,pr,pr
2021-04-08T10:25:16.818Z,-34.7258,-107.6791,10,5.4,mww,,153,29.042,0.89,us,us6000e0cf,2021-04-09T14:20:24.200Z,"southern East Pacific Rise",earthquake,15.1,1.9,0.086,13,reviewed,us,us
2021-04-08T07:59:43.459Z,-7.5135,-74.6419,151.02,4.3,mb,,124,1.932,0.58,us,us6000dzy0,2021-04-08T08:18:58.040Z,"45 km ESE of Contamana, Peru",earthquake,9.4,9.7,0.142,14,reviewed,us,us
2021-04-08T06:38:57.932Z,38.169,-117.9386,4.9,2.8,ml,30,28.61,0.034,0.1229,nn,nn00804575,2021-04-08T15:39:14.729Z,"Nevada",earthquake,,0.8,0.45,16,reviewed,nn,nn
2021-04-08T05:57:02.010Z,17.954,-66.9941,8,2.88,md,23,203,0.0524,0.11,pr,pr2021098001,2021-04-08T06:52:39.342Z,"6 km ESE of La Parguera, Puerto Rico",earthquake,0.4,0.64,0.11,13,reviewed,pr,pr
2021-04-08T05:47:29.700Z,20.4313333333333,-156.072666666667,35.27,2.74,ml,55,153,,0.13,hv,hv72416577,2021-04-08T06:14:41.040Z,"32 km NW of Hāwī, Hawaii",earthquake,0.65,0.9,0.18109334955917,11,reviewed,hv,hv
2021-04-08T05:45:29.130Z,37.7803333,-112.9438333,1.32,3.02,ml,18,70,0.217,0.18,uu,uu60432212,2021-04-09T00:02:31.758Z,"2 km SSW of Summit, Utah",earthquake,0.38,2.42,0.143,23,reviewed,uu,uu
2021-04-08T05:26:53.683Z,2.9003,122.4444,551.75,5,mww,,63,2.432,0.84,us,us6000dzxc,2021-04-08T05:46:36.040Z,"270 km NNW of Gorontalo, Indonesia",earthquake,8,5.3,0.093,11,reviewed,us,us
2021-04-08T03:57:47.630Z,32.7751667,-115.4366667,15.82,2.65,ml,47,33,0.03125,0.28,ci,ci39842904,2021-04-09T01:44:39.040Z,"7km SW of Holtville, CA",earthquake,0.3,0.46,0.159,106,reviewed,ci,ci
2021-04-08T03:52:08.190Z,32.7753333,-115.4328333,16.19,3.73,mw,66,34,0.03213,0.33,ci,ci39842896,2021-04-09T07:04:58.727Z,"6km SW of Holtville, CA",earthquake,0.29,0.5,,4,reviewed,ci,ci
2021-04-08T03:28:51.230Z,32.7776667,-115.4376667,15.85,3.2,ml,53,33,0.02863,0.28,ci,ci39842872,2021-04-09T01:00:44.040Z,"6km SW of Holtville, CA",earthquake,0.27,0.39,0.181,88,reviewed,ci,ci
2021-04-08T03:02:55.070Z,19.211,-155.411333333333,34.34,2.45,md,54,147,,0.11,hv,hv72416447,2021-04-09T00:33:24.040Z,"7 km E of Pāhala, Hawaii",earthquake,0.44,0.56,0.193901334610772,25,reviewed,hv,hv
2021-04-08T02:08:32.930Z,32.786,-115.4381667,15.25,2.86,ml,44,46,0.02059,0.29,ci,ci39842792,2021-04-09T00:28:16.040Z,"6km WSW of Holtville, CA",earthquake,0.34,0.58,0.199,65,reviewed,ci,ci
2021-04-08T01:19:42.485Z,19.424,-100.4503,149.75,4.5,mb,,197,8.912,0.66,us,us6000dzw6,2021-04-09T00:23:25.666Z,"4 km NE of Huanguitío, Mexico",earthquake,14.4,13.4,0.032,294,reviewed,us,us
2021-04-08T01:13:46.854Z,-18.5113,169.4896,264.91,5.2,mb,,28,3.751,0.76,us,us6000dzw5,2021-04-08T21:36:53.040Z,"116 km N of Isangel, Vanuatu",earthquake,8.2,5.1,0.03,369,reviewed,us,us
2021-04-08T01:03:00.350Z,36.5476685,-121.1399994,4.93,2.53,md,35,72,0.04372,0.1,nc,nc73546595,2021-04-08T14:22:08.852Z,"2km N of Pinnacles, CA",earthquake,0.22,1.03,0.19,36,automatic,nc,nc
2021-04-08T01:00:40.043Z,-28.9739,-176.3436,10,5.3,mb,,57,9.662,0.69,us,us6000dzw2,2021-04-09T01:03:43.203Z,"Kermadec Islands region",earthquake,9.6,1.3,0.037,249,reviewed,us,us
2021-04-08T00:33:48.156Z,36.4721,27.1608,2.35,4.5,mwr,,56,0.817,0.78,us,us6000dzvs,2021-04-08T08:37:42.971Z,"15 km S of Mandráki, Greece",earthquake,4.5,4.4,0.05,39,reviewed,us,us
2021-04-07T23:50:34.175Z,-6.5813,129.8522,170.51,4.6,mb,,91,1.999,0.82,us,us6000dzvp,2021-04-08T00:11:49.040Z,"Banda Sea",earthquake,8.4,8,0.091,36,reviewed,us,us
2021-04-07T23:14:26.711Z,-36.4066,-70.9175,141.55,4.6,mb,,69,0.384,0.84,us,us6000dzvk,2021-04-08T13:39:34.710Z,"66 km NNW of Las Ovejas, Argentina",earthquake,5.8,5.3,0.075,52,reviewed,us,us
2021-04-07T22:35:05.414Z,36.3683,27.1408,8.59,4,mb,,55,0.807,0.75,us,us6000dzvb,2021-04-07T22:51:26.040Z,"26 km S of Mandráki, Greece",earthquake,2.3,6.7,0.259,4,reviewed,us,us
2021-04-07T21:54:57.952Z,36.4345,27.1031,11.85,4,mb,,54,0.851,0.73,us,us6000dzuz,2021-04-07T22:19:27.040Z,"19 km S of Mandráki, Greece",earthquake,3.7,7.5,0.196,7,reviewed,us,us
2021-04-07T21:18:37.653Z,-10.736,-78.078,48.95,4.2,mb,,151,1.736,0.75,us,us6000dzur,2021-04-07T21:38:20.040Z,"27 km WSW of Paramonga, Peru",earthquake,9,19,0.175,9,reviewed,us,us
2021-04-07T20:41:59.790Z,35.093,-116.9626667,1.92,2.91,ml,35,69,0.219,0.14,ci,ci39842512,2021-04-08T15:42:18.410Z,"22km NNE of Barstow, CA",earthquake,0.16,0.68,0.137,206,reviewed,ci,ci
2021-04-07T20:18:17.420Z,36.7646667,-120.701,3.53,3.31,ml,73,58,0.1254,0.17,nc,nc73546475,2021-04-09T00:32:59.419Z,"23km S of South Dos Palos, CA",earthquake,0.25,1.02,0.221,89,reviewed,nc,nc
2021-04-07T19:43:00.872Z,-28.8826,-176.4683,10,5.2,mb,,71,1.328,1.19,us,us6000dzu7,2021-04-07T21:25:35.040Z,"Kermadec Islands region",earthquake,11.6,1.8,0.056,104,reviewed,us,us
2021-04-07T19:31:57.113Z,52.5229,-169.1906,44.26,4.8,mb,,127,0.418,1.08,us,us6000dztq,2021-04-08T17:27:46.916Z,"51 km SSW of Nikolski, Alaska",earthquake,5.3,6,0.033,280,reviewed,us,us
2021-04-07T19:24:31.322Z,24.8113,128.0731,10,4.2,mb,,102,2.024,0.67,us,us6000dztm,2021-04-07T20:10:32.040Z,"151 km SSE of Itoman, Japan",earthquake,7.6,1.9,0.136,16,reviewed,us,us
2021-04-07T18:48:00.953Z,-28.8376,-176.5327,10,5.6,mww,,59,15.497,0.86,us,us6000dzt8,2021-04-10T23:55:39.040Z,"Kermadec Islands region",earthquake,11.8,1.8,0.098,10,reviewed,us,us
2021-04-07T17:07:32.239Z,44.388,-115.166,10,2.9,ml,,72,0.227,1.17,us,us6000dzsp,2021-04-08T22:54:28.440Z,"26 km NW of Stanley, Idaho",earthquake,2.5,2,0.045,66,reviewed,us,us
2021-04-07T16:51:49.609Z,35.059,-96.31683333,28.64,3.61,ml,71,111,0,0.2,ok,ok2021gurr,2021-04-09T20:05:18.852Z,"7 km WSW of Horntown, Oklahoma",earthquake,,0.5,0.23,30,reviewed,ok,ok
2021-04-07T15:50:23.713Z,1.1091,98.2765,59.52,4.2,mb,,180,0.727,0.3,us,us6000dzr5,2021-04-07T21:52:56.040Z,"89 km SW of Sibolga, Indonesia",earthquake,10,11.8,0.187,8,reviewed,us,us
2021-04-07T15:49:14.462Z,17.5959,-94.4224,154.4,4.3,mb,,180,3.602,0.64,us,us6000dzr2,2021-04-07T21:46:36.040Z,"19 km NNE of Niños Héroes, Mexico",earthquake,14.5,14.5,0.047,127,reviewed,us,us
2021-04-07T15:40:58.727Z,60.0483,-153.4235,131,2.5,ml,,,,0.75,ak,ak0214goav31,2021-04-08T17:27:01.531Z,"48 km NE of Pedro Bay, Alaska",earthquake,,0.6,,,automatic,ak,ak
2021-04-07T15:17:17.990Z,38.5233333,-122.583,9.21,2.47,md,78,47,0.08924,0.11,nc,nc73546375,2021-04-13T00:27:02.303Z,"6km S of Calistoga, CA",earthquake,0.2,0.36,0.135,55,reviewed,nc,nc
2021-04-07T14:41:35.148Z,23.984,122.2364,22.33,4.2,mb,,90,0.616,0.53,us,us6000dzqk,2021-04-13T06:57:29.040Z,"64 km E of Hualien City, Taiwan",earthquake,3.8,6.6,0.136,18,reviewed,us,us
2021-04-07T13:42:05.870Z,35.6096667,-117.4105,8.97,3.64,ml,44,41,0.04806,0.15,ci,ci39841832,2021-04-09T06:06:45.390Z,"17km S of Trona, CA",earthquake,0.15,0.33,0.133,134,reviewed,ci,ci
2021-04-07T13:34:57.690Z,-28.9075,-176.4644,10,5.2,mb,,70,1.325,0.71,us,us6000dzqf,2021-04-07T14:23:27.040Z,"Kermadec Islands region",earthquake,11.8,1.8,0.071,67,reviewed,us,us
2021-04-07T13:33:42.763Z,56.9391,-156.5046,32.2,2.5,ml,,,,0.36,ak,ak0214gn2gnx,2021-04-07T13:45:30.139Z,"83 km SE of Ugashik, Alaska",earthquake,,1.7,,,automatic,ak,ak
2021-04-07T13:19:35.849Z,23.8338,121.4825,15.89,4.3,mwr,,68,0.353,0.42,us,us6000dzpr,2021-04-13T07:30:31.040Z,"20 km SW of Hualien City, Taiwan",earthquake,3,3.3,0.069,20,reviewed,us,us
2021-04-07T13:17:30.553Z,40.86,-117.2229,7,3.2,ml,9,108.96,0.429,0.1722,nn,nn00804505,2021-04-07T17:56:33.904Z,"11 km NW of Valmy, Nevada",earthquake,,4.2,0.2,8,reviewed,nn,nn
2021-04-07T12:56:14.820Z,38.7898333,-122.7986667,3.59,2.85,md,78,47,0.003756,0.05,nc,nc73546285,2021-04-12T22:21:09.586Z,"4km WNW of The Geysers, CA",earthquake,0.1,0.16,0.117,65,reviewed,nc,nc
2021-04-07T12:32:22.180Z,44.3381667,-115.1925,10.68,2.75,ml,12,84,0.205,0.24,mb,mb80495094,2021-04-08T22:52:51.080Z,"24 km WNW of Stanley, Idaho",earthquake,0.49,0.82,0.164,18,reviewed,mb,mb
2021-04-07T11:46:24.911Z,63.3037,-150.5041,127.2,2.8,ml,,,,0.44,ak,ak0214glyceg,2021-04-07T12:29:24.040Z,"66 km ESE of Denali National Park, Alaska",earthquake,,0.7,,,automatic,ak,ak
2021-04-07T11:09:13.304Z,37.0231,-104.973,5,2.7,ml,,119,0.181,0.24,us,us6000dzny,2021-04-07T12:05:28.040Z,"15 km SSE of Stonewall Gap, Colorado",earthquake,1,1.9,0.053,60,reviewed,us,us
2021-04-07T10:46:01.322Z,13.1108,-81.3327,10,4.5,mb,,34,2.193,0.75,us,us6000dzmi,2021-04-07T11:53:34.969Z,"28 km S of Mountain, Colombia",earthquake,6.1,1.9,0.091,35,reviewed,us,us
2021-04-07T10:42:05.798Z,-28.7892,-176.7552,10,5.4,mww,,75,11.018,0.97,us,us6000dzmg,2021-04-09T14:37:47.318Z,"Kermadec Islands region",earthquake,12.2,1.8,0.057,30,reviewed,us,us
2021-04-07T10:35:03.710Z,45.056,-111.792,8.36,2.51,ml,24,62,0.25,0.18,mb,mb80495084,2021-04-08T22:42:41.160Z,"29 km SSE of Virginia City, Montana",earthquake,0.4,1.23,0.376,19,reviewed,mb,mb
2021-04-07T10:26:51.906Z,-29.0115,-176.6897,10,5.1,mww,,37,1.108,0.59,us,us6000dzm2,2021-04-09T14:49:09.040Z,"Kermadec Islands region",earthquake,9.1,1.8,0.08,15,reviewed,us,us
2021-04-07T09:56:50.657Z,59.578,-152.8692,86.2,2.5,ml,,,,0.63,ak,ak0214gktoc2,2021-04-07T12:13:55.040Z,"59 km WNW of Nanwalek, Alaska",earthquake,,0.3,,,automatic,ak,ak
2021-04-07T09:53:28.894Z,-29.1007,-176.6725,10,6,mww,,28,10.803,1.38,us,us6000dzlv,2021-04-08T09:56:30.069Z,"Kermadec Islands region",earthquake,11.4,1.9,0.093,11,reviewed,us,us
2021-04-07T09:44:38.719Z,35.37766667,-97.92416667,6.41,3.16,ml,99,31,0,0.2,ok,ok2021gudp,2021-04-08T09:47:18.017Z,"2 km SE of Union City, Oklahoma",earthquake,,0.4,0.34,32,reviewed,ok,ok
2021-04-07T09:40:05.286Z,44.2067,-129.3001,10,3.1,ml,,285,3.817,0.38,us,us6000dzlp,2021-04-07T09:51:52.040Z,"off the coast of Oregon",earthquake,14.5,2,0.052,49,reviewed,us,us
2021-04-07T09:20:59.099Z,35.1779,-111.6075,5,3.3,ml,,86,0.388,0.73,us,us6000dzln,2021-04-07T21:00:43.876Z,"4 km ESE of Flagstaff, Arizona",earthquake,2.1,1.8,0.035,110,reviewed,us,us
2021-04-07T08:12:34.896Z,-24.0819,-66.8778,219.54,4.1,mb,,83,1.64,0.74,us,us6000dzlb,2021-04-08T05:50:40.040Z,"58 km WNW of San Antonio de los Cobres, Argentina",earthquake,10.8,15.9,0.261,4,reviewed,us,us
2021-04-07T06:35:37.735Z,59.9737,-153.4532,123.3,2.7,ml,,,,0.72,ak,ak0214giwuet,2021-04-08T05:44:27.040Z,"42 km ENE of Pedro Bay, Alaska",earthquake,,0.4,,,automatic,ak,ak
2021-04-07T05:13:15.784Z,-3.6213,153.9878,437.17,5.6,mww,,78,1.906,0.95,us,us6000dzkn,2021-04-08T09:51:31.367Z,"206 km ENE of Kokopo, Papua New Guinea",earthquake,10.6,6.3,0.058,29,reviewed,us,us
2021-04-07T04:42:11.026Z,44.2967,-115.1655,14.73,3.2,ml,,66,0.165,0.54,us,usd000esqc,2021-04-10T04:22:34.320Z,"20 km WNW of Stanley, Idaho",earthquake,5,9,0.037,96,reviewed,us,us
2021-04-07T02:55:41.530Z,19.2188333333333,-155.3765,31.47,2.67,md,46,156,,0.11,hv,hv72415297,2021-04-07T12:31:47.274Z,"10 km E of Pāhala, Hawaii",earthquake,0.44,0.66,0.167120736862993,24,reviewed,hv,hv
2021-04-07T02:32:42.190Z,18.0026,-67.059,7,2.53,md,14,119,0.0363,0.08,pr,pr2021097001,2021-04-07T02:55:00.618Z,"3 km NNW of La Parguera, Puerto Rico",earthquake,0.33,0.17,0.18,8,reviewed,pr,pr
2021-04-07T02:25:44.466Z,-31.0506,-71.7598,29.16,4.2,mb,,127,0.39,0.68,us,us6000dzjw,2021-04-07T12:45:30.486Z,"73 km SW of Ovalle, Chile",earthquake,4.7,5,0.264,4,reviewed,us,us
2021-04-07T02:06:07.555Z,41.5002,19.4795,10,4.1,mb,,53,0.943,0.9,us,us6000dzjv,2021-04-07T02:23:16.040Z,"18 km NNW of Shijak, Albania",earthquake,4.8,1.9,0.234,5,reviewed,us,us
2021-04-07T00:03:06.680Z,19.865,-155.810333333333,13.31,2.64,ml,42,149,,0.2,hv,hv72415197,2021-04-12T00:39:07.040Z,"8 km SSW of Waikoloa, Hawaii",earthquake,0.65,0.71,0.146695949657255,15,reviewed,hv,hv
2021-04-06T21:55:47.745Z,31.9044,93.0153,10,4.8,mb,,66,2.73,0.76,us,us6000dzj3,2021-04-06T22:40:43.040Z,"102 km ENE of Nagqu, China",earthquake,7,1.9,0.069,64,reviewed,us,us
2021-04-06T21:48:35.574Z,31.9443,92.9985,10,5,mww,,56,6.676,0.62,us,us6000dzil,2021-04-06T22:08:26.040Z,"103 km ENE of Nagqu, China",earthquake,7.6,1.8,0.098,10,reviewed,us,us
2021-04-06T21:33:23.381Z,12.1838,-87.2967,70.42,4.2,mb,,176,0.576,0.5,us,us6000dzid,2021-04-06T22:04:10.040Z,"35 km SSW of Corinto, Nicaragua",earthquake,5,7.1,0.125,18,reviewed,us,us
2021-04-06T21:25:14.330Z,17.9125,-66.9351,11,2.5,md,13,232,0.1231,0.27,pr,pr2021096002,2021-04-06T21:57:02.205Z,"7 km SSW of Guánica, Puerto Rico",earthquake,0.84,0.7,0.09,9,reviewed,pr,pr
2021-04-06T20:10:36.789Z,38.1636,142.149,45.11,4.2,mb,,143,2.753,0.84,us,us6000dzhz,2021-04-06T20:54:00.040Z,"79 km ESE of Ishinomaki, Japan",earthquake,8.9,9,0.124,22,reviewed,us,us
2021-04-06T20:08:48.377Z,5.8888,126.5214,103.95,5.1,mb,,39,1.501,0.76,us,us6000dzhy,2021-04-09T14:51:35.040Z,"64 km SE of Pondaguitan, Philippines",earthquake,6.7,4.8,0.043,177,reviewed,us,us
2021-04-06T19:36:16.939Z,-5.6896,-80.7383,10,4.8,mb,,126,5.411,0.84,us,us6000dzhr,2021-04-06T19:56:18.040Z,"17 km SSE of Sechura, Peru",earthquake,9.1,1.9,0.062,83,reviewed,us,us
2021-04-06T19:20:39.680Z,41.5113333,-112.8681667,11.24,3.46,ml,41,127,0.3485,0.17,uu,uu60431992,2021-04-10T07:28:39.153Z,"47 km SW of Howell, Utah",earthquake,0.63,0.38,0.132,24,reviewed,uu,uu
2021-04-06T18:01:13.547Z,3.6393,-83.0983,10,4.7,mb,,155,4.745,1.11,us,us6000dzhc,2021-04-06T18:21:49.040Z,"off the coast of Central America",earthquake,5.2,1.9,0.137,19,reviewed,us,us
2021-04-06T17:40:19.357Z,-3.5486,138.6915,61.89,4.6,mb,,73,6.462,0.75,us,us6000dzha,2021-04-06T18:32:27.040Z,"240 km WSW of Abepura, Indonesia",earthquake,9.1,8.5,0.079,51,reviewed,us,us
2021-04-06T17:22:17.324Z,35.2001,59.1835,10,4.4,mb,,72,2.645,0.79,us,us6000dzh4,2021-04-06T18:45:17.040Z,"8 km SSW of Torbat-e Ḩeydarīyeh, Iran",earthquake,4.9,1.9,0.078,50,reviewed,us,us
2021-04-06T16:44:16.001Z,43.0758,145.5718,56.95,4.6,mb,,104,2.075,0.32,us,us6000dzgz,2021-04-06T17:18:28.040Z,"27 km S of Nemuro, Japan",earthquake,7.3,7.4,0.065,71,reviewed,us,us
2021-04-06T15:39:19.280Z,47.8978,145.8469,459.78,4.1,mb,,117,2.296,0.36,us,us6000dzgm,2021-04-06T16:13:44.040Z,"238 km ENE of Dolinsk, Russia",earthquake,10.8,7.4,0.052,102,reviewed,us,us
2021-04-06T15:12:25.588Z,35.631,45.9622,9.03,5.2,mww,,40,0.401,0.54,us,us6000dzgg,2021-04-09T13:46:27.762Z,"1 km NE of Baynjiwayn, Iraq",earthquake,5.4,4.1,0.059,28,reviewed,us,us
2021-04-06T12:40:26.923Z,-29.6395,-178.3703,10,4.8,mb,,111,0.55,0.74,us,us6000dzec,2021-04-06T13:17:44.040Z,"Kermadec Islands, New Zealand",earthquake,8.8,1.9,0.124,22,reviewed,us,us
2021-04-06T12:05:19.193Z,39.1578,-99.198,5,2.7,mb_lg,,72,0.542,0.34,us,us6000dzea,2021-04-06T23:31:33.338Z,"12 km SE of Plainville, Kansas",earthquake,2,2,0.057,79,reviewed,us,us
2021-04-06T11:33:13.740Z,13.5965,-90.6407,45.1,4.1,mb,,108,1.16,0.63,us,us6000dze9,2021-04-12T09:38:11.040Z,"37 km S of Iztapa, Guatemala",earthquake,3.7,11.9,0.076,48,reviewed,us,us
2021-04-06T10:07:46.647Z,-29.6879,-176.6077,10,5.3,mb,,62,1.233,0.45,us,us6000dze0,2021-04-06T10:27:40.040Z,"Kermadec Islands region",earthquake,9,1.8,0.056,107,reviewed,us,us
